EmissionGroup,Index_of_Multiple_Deprivation_Decile,Income_Decile,Employment_Decile,Education_and_Skills_Decile,Health_and_Disability_Decile,Crime_Decile,Barriers_to_Housing_and_Services_Decile,Living_Environment_Decile,IDACI_Decile,IDAOPI_Decile
High,4.146067415730337,4.0,4.415730337078652,4.606741573033708,4.797752808988764,4.123595505617978,4.393258426966292,4.438202247191011,4.123595505617978,3.539325842696629
Low,4.783333333333333,5.066666666666666,5.4,5.733333333333333,5.5,4.9,4.6,3.966666666666667,4.85,4.5
