externalParty.merchantCategoryCode,0
5411,-0.1185574
4111,-0.079908738
5812,-0.055087059
5541,0.050930391
6011,0.089859938
